V1,V2,V3,V4,V5,V6,V7,V8,V9,V10,V11,V12,V13,V14,V15,V16,V17,V18,V19,V20,V21,V22,V23,V24,V25,V26,V27,V28,Amount,Actual,Predicted
-0.0298671677107686,0.0283624353121109,0.0607539196531449,0.0031680596526812,0.0290979990943523,0.523228926518154,-0.0820269996568391,0.0903343299238196,-0.3540307332223269,-0.0723239121287117,0.3972975927827903,-0.059772835180987,1.0254236875944245,-0.1239484888582849,1.4463519286276914,-0.4039422853569772,-0.3666370095389639,-0.3051963973265178,1.4843899316973426,0.217869895652557,-0.0038685130398318,-0.3386886494945727,0.1028931112475027,-1.4866655159201274,-1.269067123028347,0.6835029856653514,0.174096129898245,0.1486414993693104,21927.94,0,1
-0.4224142148284013,-0.6848945184868035,0.4126260557709129,0.0466549917666049,1.1332974174842505,-0.0613515947540412,0.4751682175951666,-0.1714292181224123,0.3326898017185061,0.3479319533505747,-0.0580405690008158,0.3344851561181139,-1.3982977581224278,0.0842289444010512,1.0473242074382776,0.1103359654661636,1.5962638339703237,1.7361945491332522,2.2070095862592343,-0.2397433355367153,-0.1990476978898607,-0.2748714630007783,-0.6081041482456424,-0.8799243187997039,0.8578420463329292,0.6247096275806534,-0.2888182063503537,0.8697072985673179,6719.62,0,1
0.92934334460118,-0.261665993481541,0.3555500521817282,-0.0730422105054811,0.2880980494700356,0.147543084855188,0.4188418503560341,-0.118746175455744,0.4121738032711364,0.3802419424939273,0.2853635518025825,0.5140395037955016,-1.6970146381816025,0.2393662107440427,0.966982453583213,0.9860126051665468,0.9518403988749904,1.099856586619288,-1.0328628415606227,-0.3843037644233063,-0.0891860345458474,0.0505028944216488,-0.1015444765122855,0.0924704401118706,0.742001136311298,-0.6491724719210176,-0.1850569319216959,0.0217398839329796,10830.37,0,1
1.0377090600164152,-0.276488512228307,0.2269082347694756,-0.1894242464836735,0.476539443393586,0.3161262691848067,0.476563323456412,-0.1495904845434055,0.5842458157643913,0.3791777008859164,-1.0893218365154378,0.1964248414996167,-0.9952461829743954,0.3345402079459907,1.8452559481992008,0.8256854714445271,0.7095392560878505,0.6311057208218057,-0.7646329427156374,-0.3522761141393249,-0.1405817845739631,-0.2351332711607401,-0.2036655573222881,-1.4929684588969483,1.081438440904877,-0.5659391530387833,-0.1920016289885768,-0.0109599971552248,16724.9,0,1
0.9699616356137798,-0.2823503265708885,0.2664020068397011,-0.172021681876512,0.3947021200088523,0.3002666837766209,0.4367971863824598,-0.1167905678637857,0.4479898727659821,0.4028602798304062,0.0844717297620091,0.4243226621776028,-1.754481241613037,0.3523235645626535,0.9758005707723256,0.962051029898094,0.7902955436447723,1.0868796007658454,-0.7114595978502404,-0.3855876059753312,-0.114939711045922,-0.1274506011952768,-0.1513267360411181,-0.8267550093261934,0.8799422291264143,-0.6849672147633686,-0.1957845645443206,-0.0106845570661475,11835.62,0,1
0.9416650468385332,-0.2059144988264146,0.7966820313635661,0.3271887394038992,0.1840576467036088,0.1806311780949401,0.3978902867633835,-0.1631590217970381,0.165447871851612,0.6418674998791251,-0.6612342327607221,0.5821918242155796,0.7483184181145918,0.1531044992420914,0.9657189075906498,1.618038910071492,0.5251026837599286,0.75630076671082,-1.5182042203667083,-0.2091667429366569,-0.0858458250862828,0.0819341236707044,-0.0919231083357051,0.6221064050876595,0.6119157157736332,0.1413942328532123,-0.200752451424077,0.0520622491561736,23685.62,0,1
1.607905206161646,0.0026586601666112,-0.2588649844678399,0.7341661226000937,1.243846933890208,0.1186061282825632,0.805606583295678,-0.248516955206727,0.2289359049929619,0.5366961613627609,-0.2029701409727931,-0.3910568919718654,2.847310077705471,0.1776545723583776,-1.1023341446352042,2.001533623156122,1.4294217426586782,1.1152758108523857,-2.180581393204177,-0.1758916549058379,-0.2204133067415609,-0.6489418490018488,0.0035336461275578,0.3155601853599379,0.23723181321399,-0.2193055192905635,-0.315680919520935,-0.0493579315527224,10754.86,0,1
0.889311564693027,-0.2130532123994489,0.9278911805875976,0.3474859870180797,0.1545672215026752,0.2761644733447356,0.3685328469349726,-0.1363788926136744,0.1611627258141391,0.6263360342411305,-0.2970968309775973,0.6808649751210804,0.426611885702394,0.1833003609930625,1.2717340384542342,1.175890909348124,0.7157848943787217,0.3061442509866024,-2.067034789440154,-0.2899935614445581,-0.0638054493447991,0.2718694343086058,0.0138308320595393,1.0823241706821125,0.3629944417374852,0.1375519702191052,-0.1806010476858393,0.0524174944632773,9274.09,0,1
0.966455975897298,-0.1624461704317146,0.5068561606565801,0.3250924326044032,0.3109260071233105,-0.0262773435709754,0.542565924680837,-0.1842700811450449,0.0519868985123916,0.6496766390176937,-0.6864396117270841,0.3623691803144509,-0.2282010315326463,0.273390073015326,0.7014452707123369,1.3771669539860918,0.6228963911375835,0.4464363562452139,-1.2477232595555,-0.2795487035945034,-0.2034388055335552,-0.7299181072648964,0.0200484282951096,0.4926254998035309,0.5409922521449964,-0.3649077232029586,-0.239017220821744,0.0342727959057052,4762.05,0,1
-0.4008315365213775,-0.4791910193517898,0.0312692941005206,0.1836988566956306,1.6405255036852688,-0.9999626499282628,0.3580649997029769,-0.0698075576740918,-0.0795616575386015,0.0072798790699129,-0.2068283780669762,0.4377903373627151,0.253513771715502,-0.23780187639992,1.957008269907832,0.7218704312909642,2.257707420806914,1.4008203761024556,-0.3592986540203697,0.4461819653130878,-0.0171973015579021,-0.1236554199457443,-0.1575534286982897,-0.3667845619103072,-0.925613765726203,-0.7246173135060656,-0.0171512129238803,-0.3999936235207467,15664.46,0,1
0.8643907120063943,-0.2633766826032207,0.7718236282195395,0.3530383495682517,0.274267631079479,0.6755470984217623,0.3876881088494666,-0.1001733607003088,0.1720258786447477,0.6737419227640429,0.0969889923797676,1.5337529870890163,0.2046681181088782,0.2263234498312631,-1.3180447214835211,0.6510861510551164,0.7463917383539276,0.2505065925170378,-1.0602693445919114,-0.3032924185266388,-0.1199008039979733,0.0456932751940852,-0.0877475728252059,0.3370992969980915,0.7666463350453567,0.1868363634193968,-0.1947480565241589,-0.0154859437479291,1311.63,0,1
0.9515666110236964,-0.2664959876144963,0.3200953727705419,-0.1469580154693743,0.3484645123522944,0.1965620344144188,0.4528309410632471,-0.1291371640095082,0.3848013290676776,0.3967253791374246,0.2285328605173295,0.6660079202801533,-1.214831890432978,0.3180747371754221,0.864182676082649,0.8599366384314925,0.8284904350571488,0.9230511338488856,-0.8280603219189933,-0.3579399955698071,-0.1036616620765323,-0.0294067802654102,-0.11809392112778,-0.2335465653906321,0.8388573988690571,-0.7413720804112711,-0.1909088440340253,0.0002950369375444,13578.01,0,1
0.9511963830699596,-0.2805724771675174,0.315280994711871,-0.1448412933190286,0.3252084821022858,0.1876123808540839,0.4382082420759076,-0.1210458579055999,0.4386784123353847,0.4031282157067304,0.1905051198160379,0.4684993596222443,-1.8573650027840043,0.3625605932965656,0.9511261374100431,0.883797237838262,0.8445742948236492,0.9923523130053352,-0.8241848771574002,-0.399445492818126,-0.1065241507273843,-0.0760094895874523,-0.1106502247904166,-0.2643330131751624,0.802859924491736,-0.736059428649567,-0.1956089352432627,-0.0029229724771977,13977.22,0,1
-0.9656906945894488,1.0412560200936238,-1.2552526458204285,1.1290423761731547,-1.0260499852868012,-1.9422675593295735,-1.2964591261645402,0.8852409117940808,-0.9290650685357732,-1.5995816289264984,2.0392210271841504,-1.733552413272243,0.2939944062851174,-1.556157000153499,-0.5935913254552563,-1.7200363222946593,-1.7693909374818326,-1.507658110877357,1.297186500646072,1.2529129797424552,0.4808739392791267,-0.4411354727599605,-0.1051040101093603,-0.0002282938918073,0.0860818903716639,-0.7234307514508165,2.7076382847453355,1.5490262449813894,20943.36,0,1
-0.2021079157314315,-0.3555517805531674,0.6770333348174806,0.0180245386583086,0.7802186292939167,-0.0663353644257033,0.6317901130681676,-0.1975899332368103,0.4762493427192386,0.5364707821393645,-0.4226028602871367,0.1541904720871469,-0.8327162087052123,0.0183262428242265,2.4430173397166635,0.4934122067313796,1.1126109902168373,0.8539994196299844,-0.228466215315524,-0.2599787918761591,-0.1467111509999149,0.31532320463644,0.6861717890290819,-0.1822662408996274,-0.0024514438183505,-0.4063066725996472,-0.2176227622848762,-0.2568260108917272,21190.06,0,1
1.0079486779304034,-0.2403716479902939,0.2630818507331259,-0.1377004912036868,0.4220177630332514,0.1316430175458887,0.5015809234719893,-0.1649672031093928,0.498275005691537,0.3333233764784488,-0.6447494843971177,0.3864289983637371,-0.4524207717018595,0.2059722577458852,1.7418597136940277,0.7645538862615107,0.8682931506397358,0.5461603904462475,-0.9762587823933808,-0.3179282559664315,-0.1312033887400267,-0.1476973600750225,-0.156765504595562,-0.7364331485739731,1.007438284073314,-0.6457500157328259,-0.1825150440960288,0.0192160591313645,2031.25,0,1
1.5484619234237629,-0.3187446025326014,-0.5108741139968346,-0.2000412481928438,1.030109860171022,0.2741043695923236,0.4958514465438381,-0.1324162819565492,1.3427117878997157,-0.1742328322016768,-0.1250316106788602,0.2080010291916666,-1.668904354255739,-0.712533260179412,-0.8361221536733203,1.5873691288558436,2.65784860390987,4.022606452026274,-0.1888678125444012,-0.0798358462762181,-0.1063439875120548,0.1051055732206449,-0.4567543405643611,-1.424108119336334,1.01490058107857,-0.4303601029327157,-0.1628335519372733,0.0679147003301698,23684.66,0,1
0.9835777802431848,-0.5281813580580939,-0.0081782335080686,0.7085422216522157,0.5238788417777983,1.1586677069482962,0.3626783222081316,-0.0713110012089381,0.1152519358226619,0.6249955265949523,-0.2219150142903675,0.6348071990904022,1.0095353862780103,-0.3315357547011769,-0.5151211179869168,3.712025672667523,0.73358712602552,2.3676003795322287,-1.922245938516864,0.4600736328676,-0.0789538713640669,-0.5291660442053663,-0.1126117324686236,-0.8535956898329442,-0.9326192747091888,-0.5310814793928101,-0.2360841884832516,0.1329719177514839,2347.5,0,1
-1.1741133443597205,0.6094438199502762,-0.8431393122930856,-0.1699655898919369,-0.8157842496298526,-0.6583023472304369,-0.6446955323473632,0.5941331493167371,-0.2135155966951688,-0.2777063128735338,0.0628637139675997,-0.290006667640447,-1.2511128932413642,0.4622101352658908,-0.2707919038528581,-0.4830123062663436,-0.6041963907196313,-0.331291856308975,0.6775793837538767,-1.8819142174444048,0.6453799791741658,0.9053330450276856,0.585330000920187,0.1162252468811743,-0.9437227100859792,-0.7826079070160209,-1.823029209105242,0.751373158995163,13436.8,0,1
0.9867900629374072,-0.2430707222041387,0.3154253679287809,-0.1074886914821135,0.3361622046265716,0.0005915731918051,0.4980864949562867,-0.166910929395256,0.5065474423176921,0.3356239950576629,-0.4809707349226985,0.3787455946063644,-0.7778183414403542,0.2290007775577385,1.7438905705425565,0.6942492306501911,0.93634854148944,0.4812741305467172,-1.1024561502607513,-0.3469390718613501,-0.1228232661506455,-0.1064436782357005,-0.1093633384418914,-0.113330713310692,0.909729269355688,-0.7001795868053576,-0.1838923728414365,0.0267163166019511,21613.62,0,1
1.654273206048417,0.3080668734894932,-0.6185154068985192,0.8509567734414558,1.8760289081079364,-0.6140720358380738,0.9938724255635332,-0.2340565691535554,-0.5665916212522442,0.0534705699036617,0.5909971806748506,0.1391725659343453,0.2073289002042639,-0.998969012870829,-0.6927486558568049,4.3953472151548345,3.5588456467896226,4.300832144020338,-2.457721363142562,-0.1683193537467069,-0.2155190118981387,-0.658872832016635,-0.2072871070322046,-1.6908158077123248,0.6054259404853664,0.3391292777036914,-0.2199506229559056,0.1504763551285196,13049.39,0,1
-2.466558629306526,3.0073394581481505,-2.3617642222406188,1.2597008939512992,-2.960016875310515,-2.965782354744148,-2.3517288575961786,5.1354103641706335,-1.0943892154047186,-1.2133508903447698,1.020286744013842,-0.9571599061768092,1.073886193134561,-0.7880321766394133,-0.1534779496084928,-1.158181155778929,-1.3650441186885711,-1.4260057995255315,0.4504506729733923,1.602282684104103,0.5887440695915874,-1.6916520451669077,-1.1742360260841327,0.3305283555957962,3.221880055994865,-0.5236350631112496,1.5147970771900614,0.9879033044841292,15430.73,0,1
-0.1857302663832762,-0.1858339537007935,1.0057780799035014,0.5999731184984008,0.8288288098355396,0.4068872577780772,0.3853045075884828,-0.0766741437088071,-0.1373994590840786,0.5433509246287931,-0.0199185071934131,0.3329535182152508,-0.3062597718401939,-0.3064471554265781,-0.7427564202626817,3.0618807820328797,0.9251247065511552,2.391786003888029,-1.7365696906451804,-0.3430418303377615,-0.0920138061672595,0.042010889457198,-0.0090658758007896,-0.3846364902774697,-2.0578259703835435,-0.635396736613355,0.1014438232591369,0.56938257302523,13844.56,0,1
-0.0197849580661334,0.2373778538432997,0.3122969365074052,0.5931149913555216,0.956726983565468,0.4949458612772872,0.7352823498989958,-0.0368555303343606,-0.6767559603703669,0.5090196141057233,-0.1393606309236823,0.5609409495920272,0.3709580841112579,-0.0380122422160344,-1.1644229751833026,1.816306616541039,1.1120940710710674,1.323302693593396,-0.5666779616719231,-0.2153970864055753,-0.1937550513523056,-0.7292176106856595,-0.0147566140764915,-1.151514184675719,-1.205288545187147,-0.557793479627736,-0.1375409825251594,0.3227203929027006,7363.95,0,1
-0.6962197222041748,0.6758800663968235,-0.9846622942524684,0.7210759179536216,-0.673964883572925,-1.462006125531328,-0.6849858299997739,0.5078292360789433,-0.7134270196386132,-1.0084514766390895,0.8591072881155184,-1.145821124388818,-1.2240004103666289,-1.2331648621049565,1.2337091777224176,-1.069171558122426,-1.0103197843534386,-0.8564943022194998,0.5545598919529233,0.6375349205236095,0.24267916115642,-0.3954742178452218,-0.0488558718147919,-0.0689612443824277,-0.1647330904268267,-0.6988522416693647,1.589995510798765,0.6599915323784863,13493.42,0,1
0.1104251215079124,-0.0333341940528339,-0.7525673267760365,0.1873340709311379,0.9537727763219428,-0.7683017770137239,1.0051024811158895,-0.0777167031451618,-0.0081735433622643,0.0206972623708235,0.1853531036479187,0.4462711655176306,-0.5699652728346171,-0.4161466052311713,-0.4775025655148958,1.475559059839553,2.653079594241265,3.209755815083836,-0.4327184341409968,-0.3916890917919874,-0.016498265427001,0.7364856068590291,0.5476029165211191,-1.3686612009544368,-1.0539157014921203,-0.7871468707607919,-0.0362959518130669,-1.07798579445622,7447.33,0,1
-1.1132782366819989,1.214506595135178,-1.35545262498269,1.131061771885912,-1.2476545750380303,-1.8134195974255412,-1.3263373746429907,1.1040750684456355,-0.9190417771550627,-1.5863494803745728,1.9973792774107637,-1.7105780739287446,0.4489396801243295,-1.5101389794296909,-0.6089858412695006,-1.6858100158108666,-1.7430936210910188,-1.4996398691836217,1.2409760442548168,1.154167021879171,0.4673995872295381,-0.5075795612262682,-0.1308714862356982,0.0212288246557494,0.2939810427755914,-0.6889851587912023,2.7977656190527207,1.4178801395541092,20900.88,0,1
-0.3917247788703403,-0.154599474329867,-0.1676940627207348,-0.8582871559099814,-0.6084353970057522,-0.1739904695969207,-0.4536371111279659,0.1995973104851634,-0.6781790569294162,-0.5309816875315679,0.7069582610893399,-0.8458561976007181,-0.658326376411799,-0.6766818528865074,-1.2716908079232123,-0.6400054640781547,-1.0485039425577514,-1.1829899762376233,0.5023608845403291,0.667192088021751,0.354630684511202,1.0047660125648523,0.0198304094054916,-0.0535302325239551,0.5405412976262833,-0.2481039595327384,0.923289572322586,0.6248765903933846,5014.29,0,1
1.633123951868199,-0.0730659971326507,-0.2703019547952743,0.6725407097131676,1.1764977388665545,0.4827582330886792,0.6700822137286796,-0.1522223631162826,-0.2302824449426289,0.7615218261188887,-0.1559486343854869,0.3358179762382579,-0.7416425065955058,-0.1347110184229363,-1.5718662845554872,1.9386995646988856,1.1050968784672608,1.3506471627397647,-1.4526444388998916,-0.3493201615068448,-0.1714398082502681,-0.4652308396058293,-0.0090017052613941,-0.11542629931488,0.3082782867429265,0.0186959711600885,-0.2782922704240159,-0.0961288312224131,2357.14,0,1
0.9704589975889264,-0.2635860907398824,0.2724353597551347,-0.1748823161911027,0.4274452262061715,0.311959361928482,0.4563167198847988,-0.127595187512274,0.3761393256580436,0.3943329195291427,0.1378408795561612,0.6829448064919739,-0.8989518364390942,0.2940160507358689,0.8597506142258126,0.929052265592364,0.7694900554828819,0.9920205238240424,-0.7165717777089583,-0.3303453406266289,-0.1111142609071168,-0.0657720422717127,-0.1611987477238109,-0.7890635996570078,0.9281305926188248,-0.6920076306335919,-0.1895164391666445,-0.006393614097716,3842.53,0,1
0.9708735406577186,-0.2480603055788076,0.2774986293934358,-0.1772692813260562,0.4552717100231158,0.3216829724770824,0.4729142360626361,-0.1365522160240125,0.3183032236010745,0.3872740163783784,0.1811952983430459,0.967378290238601,-0.1905091704990726,0.2478490168760428,0.7641745163314597,0.9019492838097684,0.7523387356474017,0.9151270660473932,-0.720833917498724,-0.2845152603688992,-0.1079296071762663,-0.0138767656574155,-0.1694161171488317,-0.7574996563370889,0.9683705721347668,-0.6978792933252491,-0.1842824757386887,-0.0028179480222144,9932.92,0,1
-0.5525436057044396,0.0062857460765362,0.2100104189459682,0.7663262727867627,-0.1052800220260496,0.5122501916369187,-0.2912544381098132,-0.165916326770644,0.4410120312806946,0.1529095563089253,0.5919920375885198,-1.024128533018754,-0.1543980098496812,-0.1342113563595404,-2.1019666744638634,-0.305479898650515,-0.7778674408415783,-0.3353399951503082,-1.2764283704824018,-0.8295224322488816,0.3579331607684035,0.199726428656521,0.6169518991955014,-0.1860376867774582,-0.0383221141684705,-0.0871972350829747,-0.2314088643451015,1.2406295527078437,14273.02,0,1
-0.0019295336934695,-1.8685564378406063,-0.6592447012197632,0.0649016228934493,0.2619014594817542,-0.6547485984050894,1.9427830613757584,-0.3789638932182313,0.428742170772014,-0.0047119087359709,-0.4907248807369437,0.5739490479034353,0.0884328046898085,0.0557588363314308,0.4682551938733602,0.3988332210148816,1.4806152231094496,1.1370469071618032,-0.9339585574934436,2.2428937398962434,0.2694644181820692,-0.0220809048690936,-1.4072982469452526,-0.1908881116110951,0.5847030357062454,-0.8037029089180816,-0.5269919474062242,0.4252757638326371,4518.14,0,1
1.6363217368825278,-0.121160301813327,-0.1502456204143866,0.6908226587246937,0.9372955609853102,0.6980492024349266,0.4706506299615808,-0.1140740358591371,-0.0007899824297414,0.7249299943650716,-0.2941130168275476,0.3775868109953431,-0.5729924925647149,-0.2349249974165426,-1.7503452296487867,2.189965554858259,1.0590087005162487,1.7510628118470666,-1.415431376767066,-0.3646696625437359,-0.1405681208580811,-0.1613669353963696,-0.0245830009130678,-0.1320359441430235,0.2184262812538107,0.1952920805341081,-0.2372299285356328,-0.0808477308284082,10487.72,0,1
-0.7112484249818168,-0.7458066688254812,-0.1725914947799449,0.7739890574736719,0.6593513062489615,0.5810150301842294,0.6561590813216096,-0.1686313730612351,-0.6450574437711069,0.3035559433999771,-1.0173455746423052,-0.5484440262946108,0.0388751771631792,-0.1398626858270775,-0.9350142640355658,-0.2613723110882758,-0.5775574287953985,-0.4680396879220952,-0.3289841706029623,-1.11640698036234,0.0059642131846264,1.1634711618493865,1.5840768203353872,0.0902154444236781,1.18836566726196,0.8757679230195797,0.276321222459561,1.7504380402589412,20050.0,0,1
-0.1974736015794781,-0.2045814683605591,0.4811353822897912,0.0748021565763129,1.595933454990281,-0.7704310194709253,0.6888546443609092,-0.2222144681772709,-0.0522619713973666,0.0900262226909461,0.0514567710578376,0.3241146190012601,0.1126561842079915,-0.3654991078478888,2.1228652672455754,0.4844292940474263,2.1822042759552365,1.186310096184863,-0.3457268717933496,0.3549916463478123,-0.1125513330945096,-0.1314145055301662,-0.1772378242770152,0.2062275505722466,0.2916227293778775,-0.4439578211131851,-0.278525071674876,-0.1158321789210603,5763.81,0,1
1.611702163776713,-0.0601831678651234,-0.0336720479659288,0.779836626150209,0.6584015937239948,-0.0231063741482599,0.6249646567205251,-0.2044842845879265,-0.0717639510560596,0.6813656606627798,-0.6064624444351441,0.6387373287790395,0.7518050301600039,-0.2388799025566466,-1.3138772999260246,1.398020908841362,1.257845449420296,0.4586591714309518,-2.0120553157952927,-0.3630549798909546,-0.1767623890355688,-0.3005653596848054,0.1384383482962181,0.2395196126883267,-0.0301617788216119,-0.1309007078850345,-0.2262259967693011,-0.0601854675711715,11643.4,0,1
0.0122677855212095,0.4566367728219507,-0.291803623590292,0.5736849329019856,2.095046283126122,-0.4284010302127207,1.3269148177846082,-0.161522424838649,-0.7124157245381201,-0.109966645329099,0.335210330477695,-0.4117631235013083,-3.168411330867531,-0.8886240864865187,-0.6811636263834798,4.438333058178687,3.4856080097965525,4.816898986643276,-2.530956451233125,-0.2655999403762312,-0.204246126309513,-0.8281464083873816,-0.484571613269964,-1.8830502285848645,0.0652933488856165,0.1461604694827293,-0.0705688194642626,0.6248609527523479,21393.65,0,1
1.4792297382345692,-0.1913979767717364,-0.1203516065935325,0.7742704700610434,0.9383551077112317,1.0148131035467092,0.4363100450149827,-0.0581067403835083,0.2823179983905976,0.5673555488159415,-0.8684474128731011,0.1148324197991043,-1.8720919610446656,-0.2387638322998272,-1.143867287263374,0.5572682993004626,2.047092870922908,-0.0387675786279137,-2.796271733119043,-0.6094122600386253,-0.1200970675515447,0.2037590894807162,0.0398954423990614,-2.1016069102901387,-0.0263912133034268,0.654419743149909,-0.1745932106057586,-0.1060013052461626,1920.68,0,1
0.95136092200955,-0.2743059303284537,0.3174169888961268,-0.1457817908931578,0.3354905663674786,0.1915916358484691,0.444676628923402,-0.1246462203394538,0.4145353042868028,0.400278155303412,0.2074971954750778,0.5505073780230394,-1.571483592367221,0.3425439919204616,0.9123831462447842,0.8731560000005446,0.8374096378383196,0.9613538126620876,-0.8259071271853079,-0.3809805688718025,-0.1052516367502547,-0.0553432351527788,-0.1139594217203458,-0.2506695191668029,0.8188509954356078,-0.738420188092692,-0.1935209642831062,-0.0014927352092077,14805.25,0,1
1.6882299462350556,0.019718928594441,-0.296748919717515,0.6668464530477667,1.2208100001578557,-0.0127057121670933,0.850426144103202,-0.2217926340994507,-0.4879036155267209,0.8157340788533224,0.0839338827437988,0.6352868542504994,0.5546623274536362,-0.1042965749713365,-1.1551017973963122,1.9605522618689533,1.0017588745769423,1.2858362924029936,-1.745980677284075,-0.3305332014630314,-0.0973290637145328,0.0471278760013075,-0.1195621149286465,-1.091879152234941,0.5803477092157833,0.3459206176134967,-0.2869435414235055,-0.1277555184999187,19108.19,0,1
0.9867900629374072,-0.2430707222041387,0.3154253679287809,-0.1074886914821135,0.3361622046265716,0.0005915731918051,0.4980864949562867,-0.166910929395256,0.5065474423176921,0.3356239950576629,-0.4809707349226985,0.3787455946063644,-0.7778183414403542,0.2290007775577385,1.7438905705425565,0.6942492306501911,0.93634854148944,0.4812741305467172,-1.1024561502607513,-0.3469390718613501,-0.1228232661506455,-0.1064436782357005,-0.1093633384418914,-0.113330713310692,0.909729269355688,-0.7001795868053576,-0.1838923728414365,0.0267163166019511,17458.85,0,1
1.5792570566267052,-0.1811376594108955,0.0516689447540196,0.709166325660139,0.4988299923977912,0.5381489823508179,0.298724210800337,-0.0949862830501354,0.2800875318648842,0.6801954193952114,-1.036947602799935,-0.0954471235562382,-1.4134082485702677,-0.2407676281916181,0.5548162301632851,3.024488625734048,1.0258892084388993,1.831362694900539,-2.468137407483244,-0.3977589690546365,-0.1014618129411087,-0.0866211413698147,0.1752397788739186,0.5522790333627356,-0.5807300123615645,-0.0325837843446869,-0.1999381223488091,0.0021449624163413,2901.81,0,1
-0.3118803977957111,0.236326628341525,-0.4428097503506051,-0.0555440375523476,0.4635594769261748,-0.523612579627697,0.0125589233334029,0.0406554186960034,-0.7118188505514487,-0.5754925313644137,0.7511848377823902,-0.4992648242311093,-0.1869106567783122,-0.7107870010123754,-0.5825657832104743,-0.6578088257064455,-0.3266016072379649,-0.1957999264322569,1.1057442552906096,0.3870348755113298,0.1542634363671797,0.3030549397817636,-0.4482825732142075,1.10681567310745,0.3304545574547841,1.7169799000010186,0.4507230528969255,0.6818440360842621,554.38,0,1
-0.5849824933385872,-0.5926120728336597,-0.319613252030223,0.9715994772687536,5.529879230736103,-0.8691536261942145,0.2312434620929757,-0.0317239336256123,-0.7151981119979011,-0.0764320995267404,0.3131642460789867,-0.1270315010204947,-0.4911496685249261,-0.967990116622586,1.979417828620602,1.6215714284739924,5.185119042833216,1.6824360742124418,-3.330186598077176,0.7846276992114908,-0.0285256329850322,-0.324583518679541,0.2986705061363535,-3.2551246391728497,-0.2279658335505841,0.8933262949035822,-0.0661562201381458,0.8537126543983019,2765.59,0,1
1.502749332670121,-0.1261371217950968,-0.0772854610856859,0.6876113898101699,0.9929787860639868,0.8742653904963944,0.5012138813156977,-0.0849097471644396,-0.0444336825152383,0.6769707801540509,-0.4619817548599035,0.289954825498314,-0.6024080721486348,-0.0963976518414357,0.2555066661741084,1.032188299424314,1.518165822285645,-0.2130719087137329,-3.0006353435056523,-0.5247818410301823,-0.2439723038293171,-0.797105217400956,0.3978386631343596,-2.164255714155024,-0.8702339707431462,-0.5658072986030268,-0.1835836740593922,-0.0871723156248293,17850.83,0,1
1.4552053161278555,-0.1473975999611927,-0.1554535159542738,0.7399488024244151,0.7059771243594729,0.0309825708307656,0.6569964540332243,-0.1682784955249016,-0.1755132007533159,0.7640590860127705,0.0276614829514507,0.2467689820473183,-1.5718449893692426,-0.0884745606200636,-1.2639515486253212,2.1900039201722605,1.1358287885466327,1.3492817585294596,-1.675037141131007,-0.2951950666113249,-0.1953870398510996,-0.7987442433958315,0.1110559425291971,-0.4672133130807259,-0.3253817260318961,-0.4702666619528106,-0.2826782951777879,-0.0527837876303941,22519.34,0,1
-0.3073784289188072,-0.6462122075064612,-0.2376231422027731,0.1615371081624717,1.3577134471544292,-1.0077775352292744,0.4094453407043356,-0.0737197816517089,0.2532193716517044,0.2383895292192367,0.2422631306632299,0.4836041128264773,-0.6138214389357246,-0.2491927634889317,0.6537069858402141,1.634844642115731,1.675477993102236,2.5934627403668307,-0.0447321739913658,-0.5464873160247131,-0.1939697388975317,-0.033578749653178,2.2408221757321938,-0.6902976756134869,-0.025296388401632,-0.7674352070651816,0.1008591464380308,-0.8079351162618752,15014.55,0,1
0.2974189496530788,0.5214196069042832,-0.4339566717064851,0.9457258538504082,2.293095953248789,0.2068981917928249,1.2055822137674628,-0.2064858213145877,-0.8950126841132201,0.1431533113726694,0.2679143925954787,-0.1188301789248069,0.5015464976821512,-0.9598648151138456,0.7030534767479896,3.118777179369593,3.7880654937838223,5.425492420354384,0.421111816205037,0.2544326565517431,-0.1892785573495979,-0.4803789423754953,-0.4509082752303425,-3.0756885728831445,-1.021163832007917,0.9407929712040632,-0.0056637630180735,0.8224047327306757,16491.18,0,1
-1.4436390756693305,1.541698326800404,-1.5672872169789849,1.1597036996039454,-1.596083746565877,-1.9652604504217976,-1.5116361913082352,1.721946279387788,-0.8735639593176197,-1.5370767125239897,1.8841868167024047,-1.6443366019864625,0.8310342280959316,-1.383529222500115,-0.6571498313188069,-1.6075594553794363,-1.6723817953470883,-1.4760908974043705,1.0868863495414938,1.2163960687800757,0.4774899111024863,-0.7373435642705631,-0.2960030557679538,0.0521338571661874,0.7581643213309408,-0.6746555978409161,2.581209938839857,1.3372950755816346,19568.22,0,1
1.058330139577619,-0.0220988764546579,-0.1340759626999838,0.0899111714080646,1.0085587902808046,0.0777807031347995,0.6487133758390701,-0.1827651402693278,-0.1686723746360028,0.2425709772488554,0.1270450146083706,0.4186436398506829,0.5331198144684948,-0.430575165578005,0.0067965365570257,2.763079032960931,1.4816655493297692,2.274788739255715,-0.6944043673157748,-0.07237426806137,-0.2093615660874328,-0.6753420873471839,-0.3369384304158928,-1.8308656326051136,1.0905782852607315,2.157815147265166,-0.3011501522879761,0.0676427149003535,2178.06,0,1
1.0077383902621353,-0.2480980711272307,0.2605918916789569,-0.1365295083511596,0.4083364667656672,0.1266210659489846,0.4930012251703121,-0.1605666104287588,0.5300243096024172,0.3366932485391956,-0.6821971782845433,0.3019231656207338,-0.8069669735192323,0.2278972856903648,1.7940148402961602,0.7770843596195455,0.877390860118295,0.5788070636075333,-0.9740776771311508,-0.3408885989723832,-0.1328058184377971,-0.1731333924773475,-0.152651364117494,-0.7522804626423271,0.987272956141457,-0.6428325465186758,-0.1851348299021016,0.017428573203551,10938.61,0,1
0.482050737975162,-0.1496006252821692,0.1576862114084531,0.1325066784545148,-0.221497330374129,-0.1304276165412223,-0.0922517830692836,-0.0454158328165553,-0.0876535592810606,-0.0337515920368844,0.5849002464449344,-0.2105107490404328,-0.5859504682976114,-0.0748708365897331,0.2886750690401932,-0.4008555640369657,-0.6075643488715012,-0.4055908049785727,0.0947978157040725,0.0062617605312432,0.0462391997906863,-0.0999521258407661,-0.0361168371689363,1.0205856966268796,0.8051239521953222,-1.0803957445629004,0.3353400806285784,0.4307550266358084,8701.31,0,1
0.3255140335483336,-1.328347546273874,-0.4927769208122484,-0.031205961482119,0.2527210964110172,-0.4926344264156421,1.300450813817662,-0.3086959659326964,0.7158539485302077,-0.0208800085209128,-0.4325887168461433,0.5916277357171673,0.2584544058511628,-0.1628434283177287,0.9979473477321208,0.8446201585507348,1.5121725474032932,1.3864515530990582,-0.9349166468174182,1.5212207599763787,0.0905609535516279,-0.4467157353216193,-0.8617128616782197,-0.5118884239040733,-0.0262835749504736,-1.5403439354590396,-0.392899069224021,0.3272882616170374,19165.49,0,1
0.9703346479202496,-0.268263288303754,0.2709226976420043,-0.174166777481195,0.4191923638669578,0.3090386705383051,0.451395731476376,-0.1248997032497401,0.3938386459975587,0.3964589146075854,0.124640131619528,0.6103543481077439,-1.1123617557956482,0.3082804200896685,0.8886260818706692,0.937253495808314,0.7746686412030342,1.0154730563102723,-0.715293488258552,-0.3441310982102564,-0.1120702292617818,-0.0812511305145621,-0.1587318911379186,-0.7985052634338627,0.9160732581162724,-0.6902469557857921,-0.1910847636873283,-0.0074663351362345,19740.89,0,1
-0.077803976684062,-0.273897215407224,0.1018418002271499,0.1007499184368821,-0.0936673829467662,0.2621682928021753,1.0873818677126514,-0.0680851964078333,0.1199000822587485,0.2477012169546186,0.0807585365937382,0.5333809341797,-1.3471296141151123,0.2176746755928247,-0.2167431270543155,0.6628189153021455,1.2596835261485324,1.6489432237798451,0.2617475475691544,0.5995430848352629,-0.0124023960936967,0.0690724505446907,0.922192870336439,0.6056246134680202,-0.3673154504232931,-0.6843863048549089,-0.1470262469910818,0.062399985026997,22379.85,0,1
1.6203906744058023,0.2665762734978277,-0.5637494664271282,0.8669475039011773,1.5836608480498702,-0.725379598507072,0.915711905072572,-0.2176259006355851,-0.4793220072015664,0.0937278104429396,0.6157512959430141,-0.0094617377909313,-1.0857107260833152,-0.928448160738622,-0.5661364406155703,4.257078260048003,3.527603173828668,4.110794010538356,-2.5603722237378914,-0.2709345491224901,-0.224827159475563,-0.7757917776096545,-0.087013171064288,-1.082281315563757,0.290999071396226,0.1397657306049785,-0.2261678814568145,0.1459553786356905,7146.11,0,1
0.0485399593118637,0.1019302132019823,0.5150451258673806,0.3776792673673084,0.7285310397321967,1.2935259078736228,0.4656145016353719,-0.2292419946302662,-0.0835272791571038,0.4833527791962535,-0.3608778593462245,0.3825996252212226,0.6054502425750729,-0.3740912728781705,-0.973218331689626,3.8974970319157993,0.6725144579471406,2.6725745406810297,-2.01845970103247,-0.4373427872438021,0.1709818006129577,-0.4390187346717749,0.0643326326222104,-0.8173923183388654,-1.036388834476763,-0.5727390322109203,-0.1782100525148905,0.0698297906902768,433.4,0,1
0.6808285024742466,0.3352556819321148,-0.2197004392234888,1.031319446805813,0.91528120378668,0.245951009630413,0.47180184618078,-0.0658706310973624,-0.0048651820706797,0.4603721645812588,0.5550419403586896,-0.4398456618531475,2.206165766145906,-0.2290224636856506,-0.1515486403690316,2.383729644246525,2.8195151739375834,3.9195488534850775,-0.2009514838669544,0.0361449815674892,-0.146220796900436,0.0270931896733605,-0.0202307720739036,-1.3552921965924951,-0.8263178939945826,0.9624936395138712,-0.1522384855315608,-0.3656563872769829,19055.07,0,1
1.699993183852741,0.014942865977342,-0.2564044655142872,0.7447487336193153,1.0271109403204317,-0.294541666787703,0.8707729800696287,-0.2532256940589215,-0.2979775264727506,0.7036667840767163,-0.7184228735804855,0.353284974595973,0.465055097252294,-0.1874935838015336,-1.0818199866691458,1.4530085392995848,1.263347208904186,0.7193952708951349,-1.9267535042709976,-0.3579790551058253,-0.1232222169928972,-0.0232221246423108,-0.0927553705363801,-0.3295432508710695,0.6603569056739037,0.3906634241212531,-0.277797335583658,-0.0951609347779436,14443.38,0,1
1.6057778378129988,-0.0973459435212232,-0.109736506317304,0.7004814168319885,0.8897912569590799,0.5432806790725508,0.5372961175979003,-0.1342960264843102,-0.1291855004020289,0.7695633183220172,-0.0204747364422858,0.7048684426859257,-0.050197999721893,-0.1683409603948672,-1.7865296201355996,1.7976771185782343,1.065833053366093,1.0956632495928835,-1.564211277018153,-0.3593905797239874,-0.1721327478515321,-0.3715014010836296,0.1230635723174834,0.8177736029144717,-0.0081039509615434,-0.189975799907117,-0.2427814543918943,-0.0813619527002376,19434.28,0,1
-1.113013915442037,0.4981601483612683,-0.7859460170109711,-0.1633220845887657,-0.7415903673106149,-0.6140655655624473,-0.5841370467204524,0.4762668869663584,-0.2235962490851184,-0.297059243402633,0.1105800168097541,-0.3297313562315795,-1.3145652943140969,0.3671310061963396,-0.2452195875142398,-0.5093809820001912,-0.6263269186303895,-0.3395684395058596,0.7040665804151874,-1.8880955545244236,0.6424512611396209,0.9388374301460668,0.5299827084760722,0.1236118131567312,-1.0552070646424467,-0.8011741185480156,-1.811792432063784,0.7611271880926571,21571.56,0,1
1.6338376118368552,-0.0771272402346012,-0.2653069563434775,0.6770720918309562,1.1391876884275258,0.4541748375848755,0.6589970255674718,-0.1485143004478268,-0.2088041782814491,0.7672622291308434,-0.1547698166322931,0.2634761592781078,-1.1198088404745068,-0.1171811096497097,-1.5428303371500451,1.933629307443922,1.1284505011455548,1.370831034677584,-1.4751629640563373,-0.3818690266064471,-0.171968449215077,-0.4776297172155752,0.0069019369628958,-0.0016629381469621,0.274553833318039,0.0121460637002965,-0.2801342754210198,-0.0975301409521036,3591.88,0,1
0.1118950694645404,-0.2589706935969962,-0.0792491033855858,-0.0191558729425425,0.3525096413508321,0.1463200440534843,1.4658834240034166,-0.1898169271524267,0.1408851700423722,0.2695994795079737,-0.0197380837334178,0.260391156608422,-2.0193193822717,0.1321304105832924,-0.6298328952269034,0.4581106336841074,1.2777759814551028,1.5771067667653442,0.1386799327151696,0.4974697295850674,-0.0427904090676164,0.0759497488551413,0.5215144452781695,-0.4505083422254219,0.3246583498949911,-0.9503223966120992,-0.0341952571422166,0.0886753898467776,16353.98,0,1
-1.2558635228124164,1.3463386300836793,-1.4435052417943768,1.1426458654027325,-1.3911115528208655,-1.874919519864456,-1.401806155586156,1.3482449260578788,-0.900958844119704,-1.5667463372369774,1.952495768102705,-1.684445704030927,0.60197516337673,-1.4604697973226006,-0.6284063302921925,-1.6549178494878785,-1.714986031727494,-1.4901575527139967,1.1794010075964407,1.1816546086277342,0.4717595817688737,-0.6003212620499825,-0.1951229537626932,0.033194864706813,0.478778824671121,-0.6834229477587493,2.7088254982841726,1.3866922584406112,14422.23,0,1
1.0490372152478014,-0.2748992448569027,0.167537370243562,-0.3229421342945375,0.443140400025484,0.0408866692263038,0.5238310373043469,-0.1725200869368224,0.5064157969705099,0.3282435680272136,-0.7392007441682202,0.2295045121377166,-1.002187646433583,0.2499407978828957,1.669089002343347,0.7799331780207068,0.9253348402967349,0.3882388877491475,-0.6843327766525368,-0.3196238100193101,-0.1724588409671978,-0.4418726184661742,-0.1275328177942531,-0.9565102177275784,0.8012553743376595,0.9350091692972812,-0.2623385157652214,-0.0222868439950169,8302.51,0,1
-0.7848212631708288,0.8979165796106126,-1.16931925417974,1.1200457742329335,-0.9442406368630664,-1.6913603104223962,-1.1637325113816086,0.6294394223486482,-0.9549977268602574,-1.6277027532975867,2.0859201981403643,-1.761051493132335,0.1567936216415934,-1.6048743492359343,-0.5574075814630499,-1.7444337908851788,-1.7985915072058765,-1.5170315296036414,1.3554293209570587,1.1557068099147727,0.4638606764085073,-0.3405718600090843,-0.0478715915822877,0.0040945838093938,-0.089082194057721,-0.7193046900745855,2.924877210513654,1.493912628146724,11640.74,0,1
0.9514843333727808,-0.2696168942432122,0.3190228958689635,-0.1464874452126065,0.3432588684828984,0.1945743654228194,0.4495600951483935,-0.1273420634386724,0.3966372971981764,0.3981451889498957,0.2201454510440413,0.6178513274038483,-1.3573932794706554,0.327791013899939,0.8834322028920121,0.865213407431663,0.832053221652341,0.9383125213229576,-0.8271989930938302,-0.3671507726620904,-0.1042975627617926,-0.0397953185423364,-0.1164403870613794,-0.2404015883214739,0.8308525027164763,-0.74019119777941,-0.1919539795057932,-0.0004200686638289,21948.71,0,1
-0.6823121554550193,0.0386104121294107,0.0217049753178381,-0.2123879850330851,-0.1829962914432469,-0.1705964947409988,-0.0148088875947092,0.0325142676935872,0.292226321033824,0.0763495191362127,0.0191290426176442,-0.5014667306209027,-1.24276944666701,-0.2714160024481065,1.7246245788836263,-0.4441316529515485,-0.4536224044919046,-0.6963123813686365,-0.0868856395858665,-0.0876217568060759,-0.1021189160264846,-0.643899341855903,0.19170492638355,-0.022980908004804,-0.1994712314959132,0.1244040649934487,-0.4836984658496367,-0.5599308140111479,12401.2,0,1
-0.283997038613957,0.4857233834487829,-0.6383521296611273,0.2711544181805491,0.2729145697950967,-1.0939268702997242,0.0257671844955607,0.0075929082902254,-0.0772466602152677,-0.5997909963148021,0.4683617149255548,-0.9620116059525604,1.7515440231997832,-0.4164584303656545,-1.166280189035269,-0.7036943302427667,-0.2751455091693408,-0.3106142804136226,-0.2324984349047824,-0.2078848966882098,0.1842883620510302,0.7148895749720606,-0.2310867216684881,-0.5023701327989676,0.7285081306386928,-0.6228045752133204,-0.3059713072675794,0.3552272810184426,7093.75,0,1
0.9401801507022104,-0.2498418702623766,0.3585224026615119,-0.1322707491318451,0.3310845676325172,0.1343557239663396,0.470290599175545,-0.1407484606568106,0.321184890687075,0.3898196165839445,0.331681431027336,0.9925578964833554,-0.5688129365283542,0.2767993628749585,0.753303414058042,0.7871148532789936,0.8452930101648068,0.7925170532263334,-0.9043192653819024,-0.3207027848951874,-0.0951821098289663,0.0561151284815398,-0.1005750812290929,0.1894879159268344,0.8301516729149662,-0.7797958705204269,-0.1855659686945186,0.0087782462664032,2095.23,0,1
0.0006520909801256,0.0318099022556018,0.5152637708800477,-0.2510750091097069,0.513489947257303,0.5853611830212175,0.4242600386524029,-0.4421793336500915,0.1998221005728201,0.3931957387158485,0.0718671198448469,0.4894403646192006,-1.2366963879315178,0.3070908649792622,0.9868817553607788,0.6955177282268447,0.9356195853619284,1.278967929917487,-0.1085828478497684,-0.5805427965672143,0.5010463601280782,-0.2852307165229341,0.0416603583697557,-0.8525071023394367,-0.4347217811765427,-0.663314698909961,-0.0280470183610878,0.0885602516846506,21329.93,0,1
-0.0486666880533715,-0.1866503451007098,-0.1130411255173215,-0.0785673444860012,2.9645726153055363,1.7577826614155367,0.2849612954970346,0.0620805476001776,0.9876213507035446,-0.1476031687190561,0.2164645679098862,-0.50244448407552,1.2887961314870795,-0.3230838520457408,-0.0620562673619839,1.2585862823322231,2.8747089905809613,3.046728179007938,0.1881704601802616,0.2917175130045834,-0.2928127790590065,-1.1032564830027436,-0.1408921346394983,1.1201759978767238,0.5115698297738943,-0.6050878303457055,-0.1777290402045868,0.1600252442576143,17827.71,0,1
-1.1866319382201636,1.2805521263765376,-1.4000802463491582,1.1368838390461686,-1.3201082073780277,-1.844369717936484,-1.3643191006783593,1.2256356207335517,-0.910022175141888,-1.576567221245902,1.97499897907709,-1.69757032975497,0.5254937002497667,-1.485457838020084,-0.6187312683829792,-1.6704329596369936,-1.7290679963604754,-1.494881034043681,1.2101866351309114,1.1685591654649754,0.4696604839000043,-0.554105796831016,-0.1625101242634275,0.0271149086005086,0.3862682593029892,-0.6862467552961594,2.7527491019415145,1.4025473034792373,19592.52,0,1
